timestamp,acc_x,acc_y,acc_z,gyro_x,gyro_y,gyro_z
2024-01-01 12:00:00.000,-0.07425457456383984,0.17156944137710123,9.796939763525568,0.00026908900862626233,0.014004762103301918,-0.0021941777745562714
2024-01-01 12:00:00.010,0.06136813442173233,0.11837887676705472,9.806147975683214,0.004718867190532064,0.004133004713149203,-0.0032161190965754104
2024-01-01 12:00:00.020,0.09886228958372327,0.26265878281569877,9.82595671159342,0.006829268971797685,0.011557121730942255,-0.0007248346267520241
2024-01-01 12:00:00.030,-0.06010013058866258,0.2389150382379484,9.810130434225902,-0.00662669388103629,0.016150678774688204,0.002857179221741057
2024-01-01 12:00:00.040,0.05321352301228109,0.12851256071953943,9.808859770072795,0.008476228669899217,0.010153703253246365,0.0024703082325463264
2024-01-01 12:00:00.050,0.08010409633561466,0.050895663694983384,9.805552136840221,0.00037615052633321964,0.006416099191537759,0.00022738874380949986
2024-01-01 12:00:00.060,0.104054511097664,0.07279859421808008,9.845510131312125,0.004219851306987347,0.007979199748057973,-0.0029199379526428596
2024-01-01 12:00:00.070,0.05936744828010562,0.14540615759263098,9.858954627796269,0.008288552555078888,0.007401720215788616,0.0021397346483065316
2024-01-01 12:00:00.080,-0.0033031296499313606,0.23893969923858016,9.844748690251482,0.00913174700866324,0.008169364048022132,0.0010326731248900282
2024-01-01 12:00:00.090,0.11725341416222726,0.12177981550850843,9.801247388891328,0.011211936108745553,0.0032650391148795746,0.0008949766813379353
2024-01-01 12:00:00.100,0.059545601123892906,0.18415661680298032,9.83468859842129,0.005187518800006358,0.008123968491905494,0.000995334717484113
2024-01-01 12:00:00.110,0.09896511236363115,0.10568616334891287,9.828918148680287,0.01145090655091629,0.006267144524951657,0.0010548660628410715
2024-01-01 12:00:00.120,0.06545633383744025,0.10662109570078517,9.838614240291445,0.009119804348976504,0.0053472629357291315,0.0027882670986595246
2024-01-01 12:00:00.130,0.044996059494863204,0.16273422987215105,9.833537872032386,0.011075442544233169,0.0005019916912360678,0.00395616591591949
2024-01-01 12:00:00.140,0.1723050749195793,0.12463087614755701,9.824980485440749,0.007620557308776841,-0.002248105689878721,0.00021109545498449318
2024-01-01 12:00:00.150,0.07317842976028767,0.09587635845810932,9.83629412965442,0.004967561409671674,0.008610307533280195,0.0009690456946153429
2024-01-01 12:00:00.160,0.13250331905977064,0.09344431217554432,9.852448508354176,0.009994358380959897,0.0044168961443247935,-0.0012937080457245613
2024-01-01 12:00:00.170,0.11527387333648541,0.15142866919475995,9.836163378601276,0.011580866977219658,-0.004035552490379971,-0.002568023852898806
2024-01-01 12:00:00.180,0.13458695817968952,0.13560717546317,9.828030380034766,0.009571513950441049,-0.008030683760529409,0.0014708193134233155
2024-01-01 12:00:00.190,0.09026341625652579,-0.019847321635308682,9.836225964928719,0.006920713318693108,0.00954297994503921,0.0001275392632609839
2024-01-01 12:00:00.200,0.14510527375053292,0.009827192471309684,9.85227087847227,-0.003916469206400951,-0.009055041612770551,-0.0022294162871977453
2024-01-01 12:00:00.210,0.0746035857096855,0.030499719791576445,9.858980012135033,0.006990921560261416,-0.005640285980303644,-0.00024463641732395237
2024-01-01 12:00:00.220,0.07919456577753368,0.0762238278086797,9.860122219000242,0.002673582225412318,0.005072049982809236,0.002189014053107263
2024-01-01 12:00:00.230,0.20416312849542748,0.07928380249228376,9.853150812746438,-0.001043952404472376,0.002355211649657043,-0.0002484887994821585
2024-01-01 12:00:00.240,0.10213549803197708,0.1073628903867578,9.850311730172118,0.005451157699550536,-0.002663137732053761,0.0010730112512960105
2024-01-01 12:00:00.250,0.2263406139752041,0.1098971039620888,9.806666134904116,-0.002221590558147044,-0.00018260635026259853,-0.0004569750650491462
2024-01-01 12:00:00.260,0.12658726803574988,0.11697147925909218,9.826110008161557,-0.008525530115673885,-0.004462452684423673,-0.0026983131242877124
2024-01-01 12:00:00.270,0.07442034192848376,-0.03016203835063269,9.84568136223321,0.001746726747690858,-0.010934895497197695,0.0023429990271066647
2024-01-01 12:00:00.280,0.1802793219542422,0.10971236903644446,9.852478354337302,-0.007221954706979445,-0.01425662679646924,4.146367454392768e-05
2024-01-01 12:00:00.290,0.05128839041459854,0.11203480171918825,9.863291821602056,-0.006078467116032939,-0.010907920168711775,-0.0004133628186589921
2024-01-01 12:00:00.300,0.04726805608592152,0.0006951739783800596,9.839996838571473,0.0005494774152774318,-0.010225877940460145,0.000529126005695294
2024-01-01 12:00:00.310,0.14837828802655723,0.05008186004481698,9.893989953783692,-0.0063766176415776775,-0.011134535969742065,-0.002591960931361823
2024-01-01 12:00:00.320,0.09946313602486188,-0.0016964896701144863,9.828102492595704,-0.013844798609439667,-0.009486044304422814,-0.0031594639047947057
2024-01-01 12:00:00.330,0.10241493515741808,-0.1740591369625424,9.859801974552893,-0.008624261084378143,-0.011814401729599636,0.001578956819693345
2024-01-01 12:00:00.340,-0.0016110812215752446,-0.1355863475577594,9.844282220143263,-0.009537535792463837,-0.001918374815313961,-0.0014371557942554547
2024-01-01 12:00:00.350,0.1714809120100329,-0.0028375612230885465,9.901173720846009,-0.003822382690531665,-0.010810671344881997,-0.0017935219293998014
2024-01-01 12:00:00.360,0.16026429057224,-0.09545987204130407,9.869819455851127,-0.019751919222476527,-0.010929726890107622,-0.001772824451823177
2024-01-01 12:00:00.370,0.052820646177009836,-0.047841811203093804,9.854909332079675,-0.009135934459825643,-0.024114866137207744,0.0031576747784887154
2024-01-01 12:00:00.380,-0.03352727967939585,-0.1909844667417051,9.85920390630861,-0.010321452041581348,-0.0005461793446958404,-0.0009471168934443148
2024-01-01 12:00:00.390,0.1307837296663142,-0.05931745792945641,9.84610942241489,-0.01056145186855284,-0.00748248628417904,0.0020442153539209887
2024-01-01 12:00:00.400,0.059412955110714705,-0.05833778064996525,9.866798108391928,-0.010738670768281722,-0.005973828020829028,0.0007789044409291093
2024-01-01 12:00:00.410,0.08636157936302245,-0.1336602829445948,9.824415389087335,0.003145777261345897,-0.013441969029256613,0.0016619878575685745
2024-01-01 12:00:00.420,0.010020912308161295,-0.10887873043750554,9.848686550326557,-0.004302507827986509,-0.007791011061552244,-0.00018869386914928412
2024-01-01 12:00:00.430,0.06288481206699108,-0.10565655865441656,9.868824191852276,-0.009745674649430824,-0.00558392017018435,0.0053648082416153
2024-01-01 12:00:00.440,0.029099396258420264,-0.12368446510714518,9.864505959747962,-0.010951415744273378,0.002642825052019299,0.0011289084920660989
2024-01-01 12:00:00.450,0.03343656517025865,-0.083106040711922,9.853084404113574,-0.014537890979805613,-0.012064846961187661,-0.0021158933240855095
2024-01-01 12:00:00.460,-0.025768962351019456,-0.01446827417564614,9.851759210159367,-0.006308347973078438,-0.003450701877787667,8.087690382176098e-05
2024-01-01 12:00:00.470,-0.06768372413749307,-0.10862118539135797,9.874025392040815,-0.005041758947337472,-0.004764727210913521,0.0004700997486731496
2024-01-01 12:00:00.480,0.059271781386866694,-0.09253898471481244,9.860398669254524,0.008197830711723909,-0.003157956108258974,0.0007914670857674289
2024-01-01 12:00:00.490,0.00369112634496922,-0.12353091058183886,9.872447179635794,-0.011827835335732138,0.0006136621298993624,0.0017814862311929017
2024-01-01 12:00:00.500,0.02153088336695384,-0.1028487045761982,9.81549927278118,-0.005686473056889431,0.004697850120355725,0.001175533560205345
2024-01-01 12:00:00.510,0.030287167716086024,-0.14943806404545257,9.835472819591454,-0.0003050796326054318,0.00969352438468069,-0.0031053800371497547
2024-01-01 12:00:00.520,-0.023453969369266553,-0.20925663165585554,9.851075671088745,-0.00727132561838614,0.001611677827499788,0.003955397364570197
2024-01-01 12:00:00.530,-0.04675591965307542,-0.06860550020123095,9.903794085529517,0.0018185399367257782,-0.0020933216295465217,-0.0008841126530292644
2024-01-01 12:00:00.540,0.010915682863149291,-0.1799783976205786,9.857499208951348,-0.00784693510705877,-0.0009848836255713883,0.0019744706757467605
2024-01-01 12:00:00.550,0.006652549460431499,-0.128651175684642,9.854416162203941,0.01193671354611285,0.002708672274937421,-0.002260507018230022
2024-01-01 12:00:00.560,0.011139430646947307,-0.10461397940364985,9.875332116594922,0.007048001948681612,-0.0016584593390132742,-9.151245666769315e-05
2024-01-01 12:00:00.570,-0.012894245630390818,-0.052131802490862356,9.826533171877205,0.006296572136908574,-0.0007824877681147134,-0.002460762240531065
2024-01-01 12:00:00.580,-0.13425633291916686,-0.17125237983345512,9.844256000837701,0.012351314114710755,-0.0019207666841748426,-0.001016776866144608
2024-01-01 12:00:00.590,0.0028336556054714274,-0.10748737184164872,9.866234948956466,0.01619328808333495,0.00193501321815954,0.00017414636252347193
2024-01-01 12:00:00.600,-0.06929937560395474,-0.07047214267815058,9.851382007696667,0.015465679916440092,0.007874824367455652,-0.0013568925167682698
2024-01-01 12:00:00.610,-0.09343347322377343,-0.0874651444938997,9.845451447934202,0.012448219795464614,0.005280655426744918,0.001919061608957341
2024-01-01 12:00:00.620,-0.10330987266622965,-0.14582554496011338,9.841876356410493,0.0024624003626023787,0.011493421413058091,0.0021389299367096676
2024-01-01 12:00:00.630,-0.210288637378468,-0.0931664427993786,9.881483135876698,0.013287477448085793,0.013774721414798241,0.0018605642097547616
2024-01-01 12:00:00.640,-0.1519461624859475,-0.1851691691541928,9.830108879290773,0.012281082207997993,0.016359905198739436,-0.001045463655540287
2024-01-01 12:00:00.650,-0.05231987001371988,-0.1787843841756154,9.849885490481217,0.012480443671698711,0.006324880637569487,0.0024002540075367855
2024-01-01 12:00:00.660,-0.2507516929502579,-0.12530356633616638,9.827892803901719,0.005473573070494962,0.016905570132959503,-0.002159041275622141
2024-01-01 12:00:00.670,-0.12054744356216812,-0.10024293227885833,9.83438016136994,0.010035289290963012,0.013383124444733854,-0.0018751128159392122
2024-01-01 12:00:00.680,-0.12082252657387298,-0.17811813095707207,9.85269339249661,0.0032874733159888297,0.014596732714280782,-0.002079966276102964
2024-01-01 12:00:00.690,-0.06984245872271665,-0.0729221926365528,9.85840242983819,0.013006070023976333,0.004352656414965541,-0.0030348990028967403
2024-01-01 12:00:00.700,-0.04743547804298182,-0.07418883653650898,9.8500294968732,0.005449991187462934,0.010367704579276297,0.0006319407396373559
2024-01-01 12:00:00.710,-0.17764575139513192,-0.17631759916914239,9.826851214243975,0.003470006473328731,0.011056123144333836,0.002590519648329981
2024-01-01 12:00:00.720,-0.11616574152006501,-0.12254974037563834,9.85901312831788,0.013170976340020934,0.0016938067341714476,0.0010866562136241512
2024-01-01 12:00:00.730,-0.11662686089903324,-0.08923890592811548,9.832340288055478,0.007168233011696819,0.0028382253637460313,-0.0022530330965173833
2024-01-01 12:00:00.740,-0.1325126281159156,-0.18081080221288034,9.836470981091953,-0.0007041400713719882,0.0012964137075849279,-0.002775453057636665
2024-01-01 12:00:00.750,-0.023115348514757467,-0.16527409769582488,9.809349349735854,-0.0003271929190686865,0.012527201262830665,-0.0005075856121633397
2024-01-01 12:00:00.760,-0.08358142218600774,-0.19309298347737894,9.866404096636892,-0.004453945280788223,0.0007714185255901984,-0.0007102315183190461
2024-01-01 12:00:00.770,-0.1761127325465765,-0.0795049169670031,9.80426019950171,-0.0019129616942898046,0.012292042515735216,0.00047733310079659414
2024-01-01 12:00:00.780,-0.09053941126192219,-0.09236847671405918,9.86076810188668,-0.00043820831454340244,0.017983199747261005,0.0038102084500092497
2024-01-01 12:00:00.790,-0.12886633517485097,-0.060278617144652206,9.842663714300322,-0.005120969260269052,0.005478711273415029,0.001625319444848033
2024-01-01 12:00:00.800,-0.13430139379709435,-0.057214506812188204,9.823106854977375,-0.008703364718521941,0.005588535777660391,0.001837998638242353
2024-01-01 12:00:00.810,-0.030774687821565734,0.005447687060718839,9.82751555348985,-0.01073869842268297,0.0035707662946197543,0.0027497039760103407
2024-01-01 12:00:00.820,-0.06903901691444173,-0.02386818508501038,9.840822667689421,0.00017470857466061768,-0.006497474024793255,0.001195328475347506
2024-01-01 12:00:00.830,-0.06784923617491065,-0.06200619636172032,9.815027036464675,-0.0031764113674693246,-0.003426755649311832,0.003412599894168496
2024-01-01 12:00:00.840,-0.07698379012793644,-0.07620549689124542,9.7968552850734,-0.011288303017311504,0.0008026217412464906,-0.000874309809188991
2024-01-01 12:00:00.850,-0.0548327673023853,-0.09118268003926926,9.867223319448474,-0.0015225758192596323,-0.00021191036226891088,-0.00027630075619538744
2024-01-01 12:00:00.860,-0.11321297498612302,-0.12353486820739229,9.829189548130259,-0.003918098154728255,0.0010943828038615135,0.0026760614641541097
2024-01-01 12:00:00.870,-0.1170618529149039,0.01406809805168438,9.819235920612881,-0.009504895682815923,-0.006889559018666105,-0.0010380586156294265
2024-01-01 12:00:00.880,-0.06274925311455622,-0.004907146441495813,9.844154369107956,-0.007272225905574298,-0.002577731713717478,-0.0008932145933107968
2024-01-01 12:00:00.890,-0.0798214864160877,-0.001153084705189808,9.800025778422295,-0.022993707750703196,-0.009884599106891132,0.001452411967669269
2024-01-01 12:00:00.900,-0.1589256139950244,0.008976851383986774,9.823127590239896,-0.0033861896445494394,0.0032746258134823385,-0.0016579007201000943
2024-01-01 12:00:00.910,-0.09438365764965642,-0.022369558636679266,9.799892962273228,-0.005215759038624155,0.00030604916170405734,0.0005871027401266047
2024-01-01 12:00:00.920,-0.061518622845350264,-0.00810969839715346,9.825438917261666,-0.009504990048029734,-0.0019011046469197424,-0.0015708686037073667
2024-01-01 12:00:00.930,-0.03879979720786236,0.010121615251732625,9.837522651665878,-0.010170658791936479,-0.014841211388890168,-0.0006585831088066256
2024-01-01 12:00:00.940,0.03384502298881462,-0.024754188795360125,9.837438412320026,-0.000123276113015729,-0.010724606571229475,0.002436503092178512
2024-01-01 12:00:00.950,-0.05620717676540869,0.05608064860165062,9.832221341645106,-0.010147939960087771,-0.008569090817999904,-0.000799486332415774
2024-01-01 12:00:00.960,-0.13180785582541787,0.014218560587292041,9.802758721314051,-0.004593985812893915,-0.014286487054267943,-3.784788698273152e-06
2024-01-01 12:00:00.970,0.0943668210355457,-0.016058175480230454,9.82372461859662,-0.0003109530382099496,-0.008544849400068047,0.0027266462125128334
2024-01-01 12:00:00.980,-0.011671199092016107,0.08109059650614295,9.817812028368316,-0.003969003529562636,-0.008866123445754614,0.003037487149551853
2024-01-01 12:00:00.990,0.05313882356612585,0.04266687290045161,9.824844867571827,-0.0015487454715773334,-0.023991797449981266,0.0001112120700320713
2024-01-01 12:00:01.000,0.04645228319505468,-0.03241261599355412,9.811468708950779,-0.009059885903949308,-0.009797473269396386,-0.0019381990676293989
2024-01-01 12:00:01.010,-0.05038505847461094,0.10508625800202857,9.785311454833789,0.0017271460695282256,-0.015909961144011886,0.0016040943706298377
2024-01-01 12:00:01.020,-0.006023801741263782,0.07436475635662897,9.81077456803286,-0.00495364321450578,-0.011596005342215375,0.003111994428614873
2024-01-01 12:00:01.030,0.09647524023122031,0.15444491752499007,9.813786680666178,0.00027713451850050605,-0.005798626638723661,0.003400055831012056
2024-01-01 12:00:01.040,-0.11235826358153153,0.0968320565179033,9.827688219037483,0.007337093355853027,-0.017020538821877044,0.0023467609131594632
2024-01-01 12:00:01.050,-0.04025526801795864,0.06464995573182232,9.820695934923538,0.006993075384043633,-0.007220606206796171,0.0007394618406303713
2024-01-01 12:00:01.060,0.037014342414378454,0.057726965148940046,9.765109486475884,0.007906815214179224,-0.006580737626627319,-0.0006146546761921312
2024-01-01 12:00:01.070,0.13130293567395682,0.13509176805025905,9.810829227213192,0.013747814757153202,-0.006467035684088431,0.0010204569011224508
2024-01-01 12:00:01.080,0.02784770807533069,0.05916613820941483,9.81493494094262,0.009465618807051176,-0.008162248637627401,0.0008043793970238421
2024-01-01 12:00:01.090,0.13854033801087612,0.12067685877252833,9.781304376204274,0.013056599660158652,-0.004988726468175154,-0.0005570621915912806
2024-01-01 12:00:01.100,0.1023066346777366,0.04724838311148272,9.77343727664243,0.014982583724025951,0.001592559528364331,-0.003774623428388837
2024-01-01 12:00:01.110,0.14455148305954874,0.16651740028976855,9.779040181984817,0.005440877752934842,-0.008696211479609115,-0.0030648488235393728
2024-01-01 12:00:01.120,0.0014423225146079632,0.02714993688400992,9.810441821636127,0.007946891881614333,-0.004781787459174742,-0.00043475557607261945
2024-01-01 12:00:01.130,0.023321078119411275,0.12697489206216037,9.803070698538315,0.005018609807538034,-0.002203757998487317,0.0012518749603795478
2024-01-01 12:00:01.140,0.11465705976878351,0.09077410265267644,9.785124029407257,0.016403513207282013,-0.011484864119457755,0.0060321002387344344
2024-01-01 12:00:01.150,0.09558953760948556,0.11269208148257105,9.759563888550328,0.014866720251242981,0.0001502670116602465,0.001372859547020429
2024-01-01 12:00:01.160,0.10760873249804828,0.08690882718494877,9.76714458127093,0.007550069102412472,0.005866036056629374,-0.0036966911951318336
2024-01-01 12:00:01.170,0.16182839604615856,0.12803985103726484,9.801516079043166,0.015905129016369625,-8.972955850058983e-05,0.00032615509247561604
2024-01-01 12:00:01.180,0.1256321174254982,0.1430314002602924,9.790369263878189,0.0030214352019547136,-7.98965584847247e-05,-0.00039331179322018493
2024-01-01 12:00:01.190,0.15058199801011968,0.19603967567055286,9.815097444269945,0.005136746844234085,0.002502155563139058,0.0021553988045413886
2024-01-01 12:00:01.200,0.10163964427154996,0.1386750164635561,9.75085014863585,0.0026650339443437614,0.008836161248216734,0.003553876203698441
2024-01-01 12:00:01.210,0.03179523486960306,0.10861195694442283,9.767688349934922,0.007639323699816829,0.012003401863240856,-0.0004599018419120379
2024-01-01 12:00:01.220,0.054995777819460155,0.1767574887191696,9.771875178562533,0.007570525874673056,0.002440179391065009,0.0015010539685493597
2024-01-01 12:00:01.230,0.06453914100406863,0.11655629143621932,9.776830421078385,0.005323940065440498,0.012529198416712996,0.0005956371693411138
2024-01-01 12:00:01.240,0.11504477956144858,0.12139923381060812,9.800425271642508,0.0015904729269380728,0.014494772958040542,0.0028636215468247116
2024-01-01 12:00:01.250,0.114556531113255,0.06409029077265384,9.758431038579154,-0.0006964346786274369,-0.003844671399590653,-0.0016720371880266942
2024-01-01 12:00:01.260,0.10822611428332504,0.11813882466928581,9.778263777089014,0.0008033778567685342,0.009381834545487853,-0.003095709143307862
2024-01-01 12:00:01.270,0.13298628687002603,0.1653545007317675,9.787639486409208,-0.002515817437223196,-0.0037551110278022503,0.0005455363814501485
2024-01-01 12:00:01.280,-0.07955583095810725,0.1480301426244141,9.767206834154305,-0.006393243981167005,0.004710895590846103,-0.00013271596510862398
2024-01-01 12:00:01.290,0.13752509470021199,0.15517517779109402,9.736312772519005,-0.009210649937555618,0.017772861606746335,-0.002611648262405428
2024-01-01 12:00:01.300,0.023035375206921158,0.11685067462755114,9.771715282071941,-0.008295393320430545,0.010899228709447992,0.0007969797657767148
2024-01-01 12:00:01.310,0.09886044867125837,0.07379298137382091,9.789537939110124,-0.009227060989940554,0.01594891907376189,-0.001874393594020172
2024-01-01 12:00:01.320,0.16176616865699905,0.1605377174388667,9.796853797242743,-0.013770885689278159,0.009516087465755406,0.0018813043014045965
2024-01-01 12:00:01.330,0.03938387874319395,0.08239446439022219,9.744159884809434,-0.009226617181516529,0.010213326939330839,0.0026234276786183757
2024-01-01 12:00:01.340,0.03701013782158408,0.2002859877116433,9.784290513406896,-0.006743120679903086,0.01534171900469085,-1.500840620133942e-05
2024-01-01 12:00:01.350,0.14648851663851653,0.16378724579189585,9.747942235618835,-0.014133085491975582,0.0168291738872219,0.0004545016523644569
2024-01-01 12:00:01.360,0.0867922202183881,0.08430565004189325,9.769602736590171,-0.012683726664757032,0.010407586382537413,0.000216533573277894
2024-01-01 12:00:01.370,0.06285296627889302,0.13536033820471421,9.764302017784603,-0.01473330501973056,0.010991017122686008,-0.0007255297643978719
2024-01-01 12:00:01.380,0.09525911550220774,0.1438806941752835,9.753828711343392,-0.0055080342535222026,0.007993730004535194,-0.0039000175437447332
2024-01-01 12:00:01.390,0.07701184467236014,0.196037982944969,9.791665669315796,-0.008114524785482545,0.006991181703715356,0.0006173645539228766
2024-01-01 12:00:01.400,0.13363065710726646,0.08451071879243076,9.772155997191915,-0.0029117127681291283,0.004554546142112663,0.001149607407068674
2024-01-01 12:00:01.410,0.04762457182699881,0.08699308828563249,9.769287947929982,-0.009048568003053314,0.005325087838932615,-0.0029071467552504583
2024-01-01 12:00:01.420,-0.05807746751274329,0.0028492540736253236,9.79840560890207,-0.010057128336673694,0.011712845443643344,-0.0018621099785392304
2024-01-01 12:00:01.430,0.09185073474811684,0.15441053841033675,9.737622047963232,-0.005450829004716799,0.0059621483194059475,-0.0033796241687910427
2024-01-01 12:00:01.440,-0.05223152344814466,0.024405057696086807,9.763241392190038,-0.01137518987206929,0.004204361768910768,-0.0009598986864965241
2024-01-01 12:00:01.450,0.06470734102084538,-0.019024129049222294,9.798619641929143,-0.01333887872965967,0.002241796299510542,-0.0007468310997777261
2024-01-01 12:00:01.460,0.08457534837675093,0.058935179681085276,9.766811574716591,0.001407472534288503,0.006242059165176475,-0.0013023267202842642
2024-01-01 12:00:01.470,-0.06931246847350893,0.04465699879329785,9.772911379276746,-0.007662121976650933,0.0046792802775860315,0.00019572914458398127
2024-01-01 12:00:01.480,-0.053887117048386134,0.026086910459810368,9.791655308314793,-0.0036118735693191246,0.0027780244993932984,0.0013954892259929364
2024-01-01 12:00:01.490,-0.03907595885868858,0.05830043694811948,9.787812008096768,-0.004064060628000717,-0.004641774260107033,0.0024667758031189048
2024-01-01 12:00:01.500,-0.016334292500108212,0.1347870417896957,9.738903704750824,0.00042011386222432417,-0.005830787375974162,0.0012919870559485436
2024-01-01 12:00:01.510,-0.06536389874896839,-0.026839241928897438,9.789568804351507,0.00959173277174085,0.00263480940524667,0.0007750479198848814
2024-01-01 12:00:01.520,0.004460072469929431,-0.04809358627322302,9.789907917931107,-0.005476654401058807,-0.01038843913110893,-0.00231459237459311
2024-01-01 12:00:01.530,0.03842985526513064,0.026194019314335133,9.749738496871641,0.012605523981178158,-0.0026811582112788892,-0.0002020862092628595
2024-01-01 12:00:01.540,-0.013235787899373935,0.020786403355321528,9.752877183190977,0.0100440580617543,-0.01635157486335768,0.0009764360815611923
2024-01-01 12:00:01.550,0.09522106264585509,-0.03827263443499378,9.782883046356798,0.011027909854721425,-0.009634524971968698,-0.002529593770357935
2024-01-01 12:00:01.560,-0.05654181550653821,-0.00917708143388224,9.768363665097949,0.013451627553875207,-0.010109431255146243,0.0006254709433472404
2024-01-01 12:00:01.570,-0.07888775815830912,-0.024570640992012623,9.76558885723338,0.008435934579461518,-0.00074660951066106,0.0014201141625408385
2024-01-01 12:00:01.580,-0.1018468668482499,-0.01993577867654721,9.766359092735112,0.011820542717356589,-0.006536780053544315,0.0032287202722129553
2024-01-01 12:00:01.590,-0.03497172939793626,-0.02900732601923018,9.755820963910045,0.012127163374133464,-0.005202067600519052,-0.0014183131011008088
2024-01-01 12:00:01.600,-0.07957795679847736,-0.08235909762546365,9.745298341692727,0.013604930388330883,-0.01582469889696515,-0.001236003700543897
2024-01-01 12:00:01.610,-0.06394878238074843,-0.08141744737254861,9.743201544003071,0.011161383573711959,-0.003870201039377346,0.000996199668501619
2024-01-01 12:00:01.620,-0.005708516008144496,-0.05082800373519825,9.774699121242264,0.0020394610068709563,-0.007409088169184599,0.0010804778101933974
2024-01-01 12:00:01.630,-0.030109228516224114,-0.09334049614783795,9.74085639930715,0.01692991353496842,-0.0023141815089007846,0.0003795721521094079
2024-01-01 12:00:01.640,-0.16525108496528673,-0.0961549834541397,9.763392921443511,0.005469250041123542,-0.016310117264741995,0.0005611517843664713
2024-01-01 12:00:01.650,-0.09855685119334842,-0.10388866504256264,9.765695949151215,0.010026672956177493,-0.012962263435021007,-0.0014398011002558905
2024-01-01 12:00:01.660,0.00616372449759478,-0.13162722610593264,9.75655505757291,0.017272365553755095,-0.012780023132780568,-0.0009842154829972833
2024-01-01 12:00:01.670,-0.09548147695048279,-0.05310508022608434,9.768140725460011,0.013914883066871105,-0.011231977946474885,-0.0011546508489246254
2024-01-01 12:00:01.680,-0.1804790684012656,-0.1736804406795594,9.74502870301346,0.009355739040444263,-0.005715708824159252,0.0036284921437640862
2024-01-01 12:00:01.690,-0.031948306168415305,-0.0953120737548483,9.769444519538395,0.0027909442166970484,-0.007617802743471763,-7.38803398115398e-05
2024-01-01 12:00:01.700,-0.1186034443302834,-0.09155455932247472,9.75622002662595,-0.0018453368926389952,-0.0062201356329727306,-0.004449108427249328
2024-01-01 12:00:01.710,-0.07284996154670194,-0.008329730887396594,9.74507994169491,-0.0006687301880489932,-0.015358053047364637,0.0027484240663919516
2024-01-01 12:00:01.720,-0.05025630462279652,-0.1873004729168819,9.7937806026032,0.006600092184572137,-0.009846914741166148,0.00094589166692855
2024-01-01 12:00:01.730,-0.07587945642453538,-0.04993906710615183,9.787132353124603,0.0008033689678206904,-0.005137008016315914,0.001437972827280175
2024-01-01 12:00:01.740,-0.07960892311514664,-0.05078977484674277,9.804421594925739,-0.0002904548827788161,-0.008402170926471525,0.0004945657033760004
2024-01-01 12:00:01.750,-0.08867476029132168,-0.06818476348223662,9.799965209850376,0.00400816351592227,-0.008098862329850522,0.0020945702167960534
2024-01-01 12:00:01.760,-0.09001669940204847,-0.16794344256037866,9.738161443264055,-0.00328715798310422,-0.008191515684466417,-0.0007454781247202701
2024-01-01 12:00:01.770,-0.12441077743392176,-0.07178465469006409,9.779017150117157,-0.009880829332602668,-0.012112546070005286,0.0002330459278804845
2024-01-01 12:00:01.780,0.053897873897738174,-0.15493067913038852,9.756256526262911,-0.015750283813954782,-0.01075043232968245,0.0013449688057750678
2024-01-01 12:00:01.790,0.018484155232112637,-0.14226172551544364,9.792229137541838,-0.0042090268600564335,-0.007616358432610474,0.0017540971587030178
2024-01-01 12:00:01.800,-0.04289429621726958,-0.13059091452014226,9.797928429074243,-0.005165146504211882,0.00045091398123122284,-0.0032079905941563677
2024-01-01 12:00:01.810,-0.13252178822899863,-0.15975661233619834,9.757914755389313,-0.009232687957775192,0.004412226809142789,-0.0010237300349405468
2024-01-01 12:00:01.820,-0.1051978784859005,-0.12914475631844674,9.792221473928304,-0.00602077019215436,0.008416926874154821,0.00044220948508875394
2024-01-01 12:00:01.830,-0.192489179705337,-0.08762797201824814,9.789662847175498,0.00114275297290033,-0.0011317376508544023,-0.002032471496092667
2024-01-01 12:00:01.840,-0.0774852506949136,-0.22590847438306125,9.806642271753805,-0.009188793391426017,-0.00821298898772309,0.0010579716245739392
2024-01-01 12:00:01.850,-0.03961588360185617,-0.20886217331194068,9.780180888599398,-0.018675492184512713,-0.001214005040085753,-6.047553312280858e-05
2024-01-01 12:00:01.860,-0.11321330861906234,-0.08047389214580684,9.77225421600634,-0.00941940812993298,-0.0035624947706388264,0.0012229314191545884
2024-01-01 12:00:01.870,-0.10586023799559668,-0.15251116367113982,9.802128383470428,-0.007752528774579055,0.0017126859444361034,0.0010038667338307847
2024-01-01 12:00:01.880,-0.11590419187844939,-0.11228238947224595,9.80485857149171,-0.014506477231598374,-7.070570050503842e-06,-0.0026540418961125867
2024-01-01 12:00:01.890,-0.037933627114172835,-0.111552058288552,9.751168034275018,-0.015737387010504186,6.415306051992149e-05,0.0013880510701919568
2024-01-01 12:00:01.900,-0.1860362053645762,-0.18534001359196495,9.792217860348986,-0.010924033109347218,0.010719121854375749,-0.002014471883245237
2024-01-01 12:00:01.910,-0.025601186448933458,-0.16579825193627837,9.785605053896386,-0.01092803129244278,0.014156398410133029,-0.0008375608914697872
2024-01-01 12:00:01.920,-0.039174995000406325,-0.12386687409945438,9.80215386492661,-0.005661115433076882,0.007642865880344053,0.00042504382749679055
2024-01-01 12:00:01.930,-0.10898487846350466,-0.053551879445679296,9.804824693821304,-0.0012169895225404431,0.014183306949584206,0.0006473499857806516
2024-01-01 12:00:01.940,0.01085760030507131,-0.19633080377525203,9.780956938960461,-0.004797190602131128,0.007944417847846129,-0.002525172298451141
2024-01-01 12:00:01.950,-0.09406088503941161,0.012823736691406545,9.806498008433687,0.0006906251665105808,0.0014779026781345916,0.0019814554675623556
2024-01-01 12:00:01.960,0.004494584107289101,-0.1801936895622886,9.812165292771907,-0.004216165304873191,0.0149800607970632,0.0008212288411286229
2024-01-01 12:00:01.970,0.05100229863870467,-0.1019919012766873,9.784871197727464,-0.008084997729112298,0.009199018492605121,0.0017145775874970995
2024-01-01 12:00:01.980,-0.04876979322440461,-0.10426459511946981,9.783995329852702,-0.002132685644353955,0.012015691203224231,-0.0021416874377860264
2024-01-01 12:00:01.990,0.028920469128628015,-0.2092382201357239,9.775507294826323,0.0031841731996395646,0.007334923123328275,-0.001418583156935279
2024-01-01 12:00:02.000,0.011608821477925425,-0.056333083825118466,9.810819065824292,-0.0019168481893562183,0.014984258297944293,0.0033434426442426634
2024-01-01 12:00:02.010,0.07373209832070894,-0.07468750993611684,9.786360315660719,-0.004499354764863868,0.0027288882392460133,-0.0025489253250464035
2024-01-01 12:00:02.020,-0.06427897803652079,-0.08740520737871983,9.81618282417258,0.0016063483776015514,0.019583307320169843,0.004236649994597598
2024-01-01 12:00:02.030,0.02024771180756653,-0.07800578396536702,9.82396466353678,-0.0039009346892203522,0.006612136219949124,-0.0025481766110187656
2024-01-01 12:00:02.040,-0.04477585471357652,-0.16174150644396915,9.844863568349764,0.008863825602225033,0.011041833457043043,-0.003341306398646809
2024-01-01 12:00:02.050,-0.006471974681818711,-0.14852178976685954,9.833891205668733,0.010926687023290214,0.0017803407896678633,-1.2418870298636723e-05
2024-01-01 12:00:02.060,0.03967104831239763,-0.14801825578236674,9.81732391812007,0.0004383622923678195,0.0170244291020917,-0.00018933562070095594
2024-01-01 12:00:02.070,0.026015780784689937,-0.06672375393282674,9.82492586793047,0.0116053126649829,0.014261042021080816,0.0009398503633297237
2024-01-01 12:00:02.080,0.12332839837137446,-0.12144641204281648,9.814407339672092,0.01279489333584484,-0.0016787762095114497,-0.0016870918109386976
2024-01-01 12:00:02.090,0.12749725162788803,-0.06329512370743862,9.843200438344804,0.015000809297401645,0.012742525401057483,-0.001359309563992364
2024-01-01 12:00:02.100,0.09147493063561549,-0.057994451371866165,9.816451552165526,0.007600285257854708,0.010289342490533128,-0.002633939043265913
2024-01-01 12:00:02.110,0.09527194261099695,-0.022284990818911103,9.810388201085976,0.006226083741676776,-0.0048803116160556865,-0.001042772778858884
2024-01-01 12:00:02.120,0.13970166923410043,-0.07229954889407439,9.837450150765438,0.013480540154486187,0.008225042014498168,0.00013827369915486674
2024-01-01 12:00:02.130,0.13904564460546312,-0.04439633669302367,9.878213934480994,-0.0037891558379271,0.0006228405691948531,-0.0016859667658816818
2024-01-01 12:00:02.140,0.14000721637459407,0.014127634902216746,9.857046990204589,0.0040529100323647834,-0.008794344732931978,0.0018987875361618075
2024-01-01 12:00:02.150,0.07860915527888626,-0.05644250332967735,9.826337091764213,0.01549637156356799,-0.0009466229402917759,0.0013432813239729487
2024-01-01 12:00:02.160,0.1099184643392607,0.041666873218332984,9.886390683220657,0.002160402979484705,0.006885579660457233,-0.001273124542916664
2024-01-01 12:00:02.170,0.05907196040021676,-0.020379954578161743,9.82106971075165,0.013082020510119637,0.0013866777938513395,-0.0025576874566014393
2024-01-01 12:00:02.180,0.08618767966660372,0.04014991580008151,9.832024326160669,0.004780692079271677,-0.0042663580833067856,-0.0006091666989043073
2024-01-01 12:00:02.190,0.15800816411039204,0.09574168427538032,9.829898050679622,0.005297782730905814,0.0014136131343254182,-0.0002264729240305474
2024-01-01 12:00:02.200,0.11474113860332269,-0.029854149714273553,9.81606892564981,0.008232715757524597,-0.0017027570928401453,-0.0014592409035956864
2024-01-01 12:00:02.210,0.0632250708919446,-0.029728337176543097,9.857604971832384,0.010183848613904797,-0.004383211623055827,-0.0008449565257397304
2024-01-01 12:00:02.220,0.0631794427284732,0.04771898883150671,9.855306375648421,0.0017823293678033772,-0.0065194173482645635,0.0023324832514066297
2024-01-01 12:00:02.230,0.015768872947977894,0.011992000727368054,9.859769391212206,0.009571126990892652,-0.013910317031846635,-0.001019931115753712
2024-01-01 12:00:02.240,0.06625684855482666,0.0449897535017807,9.82397211463644,0.004029409496463904,-0.006156417193874251,0.0026191341465400604
2024-01-01 12:00:02.250,0.08105162751339731,0.053951277582035995,9.814437240079407,0.0022041610505627008,-0.0028717933889536524,-0.0031683324818137224
2024-01-01 12:00:02.260,0.14240162508248982,0.04742681169095428,9.849490432928135,0.0010914878578102108,-0.0015055920278916656,0.00031444066302691373
2024-01-01 12:00:02.270,0.09740149210396604,0.06117957988483864,9.819187673483421,-0.0016724947017927295,-0.004790413088342254,3.186757902639963e-05
2024-01-01 12:00:02.280,0.0971117062303454,0.046934654791910405,9.853317252783887,0.0012911577096272986,-0.013615555783755342,-0.0019828752984490223
2024-01-01 12:00:02.290,0.12517314654716297,0.058103964175427486,9.847898298866975,-0.002243263671539322,-0.013904684400290964,-0.0004024372203428039
2024-01-01 12:00:02.300,0.06882018529237763,0.06539958760899577,9.872801466261484,-0.010436529595980647,-0.012390288119455245,-0.00045069900114142326
2024-01-01 12:00:02.310,0.18029365099599298,0.11346024996536316,9.860495554310518,-0.010990858299182765,-0.003820978971844406,0.0005511502783149695
2024-01-01 12:00:02.320,0.06737406206940644,0.034960334012942025,9.868845984464311,-0.006885225463923379,-0.018378905457158676,-0.0015795817573703735
2024-01-01 12:00:02.330,0.08375497385211725,0.08369588951712728,9.839656653627882,-0.010213568487581693,-0.002879756444835504,0.0007095989628734972
2024-01-01 12:00:02.340,0.08490850698922543,0.022628323168278994,9.868168074932191,-0.0074200213946316335,-0.011899911199595522,-0.0020483827326905476
2024-01-01 12:00:02.350,-0.012225001217253256,0.08455930169813436,9.850959945345972,-0.009874902880696227,-0.012370040683094791,0.001981767716110936
2024-01-01 12:00:02.360,0.0801631138432246,0.14692453152887744,9.850374961965803,-0.0050310176208750584,-0.0024921860598640317,0.0019017504660516931
2024-01-01 12:00:02.370,0.0665269690550606,0.11036647307389397,9.841709844802882,-0.012651070025369244,-0.009487035938812323,-0.0006706276671078348
2024-01-01 12:00:02.380,0.05040642507079078,0.1872751898890622,9.842429521000684,0.001377455882168305,-0.00890351604990878,0.004806283587126567
2024-01-01 12:00:02.390,0.06762722916487189,0.18610029860734667,9.86504126815109,-0.012735186139613395,-0.01348636027413306,-0.002179399645675272
2024-01-01 12:00:02.400,0.09400143310148563,0.13695755597493212,9.847750377947895,-0.0029465771462505383,0.0024629748636221162,-0.002410357150517015
2024-01-01 12:00:02.410,0.0001129101825163431,0.15177451156439306,9.887172434060705,-0.011432207343787443,-0.014168049657390104,-0.0023186466262310594
2024-01-01 12:00:02.420,0.006672910040348555,0.141097449843056,9.878551664000522,-0.007652373728195798,-0.006552022799839477,0.0017578061832460613
2024-01-01 12:00:02.430,0.11935780518226496,0.046216367667423625,9.850562631598867,-0.0032198359940836642,-0.0023711141146617416,0.00027867868368402295
2024-01-01 12:00:02.440,0.0009725447544048846,0.21302675487787517,9.862817667570756,-0.0016388450944257189,-0.008628362859837622,-0.00013768978561210733
2024-01-01 12:00:02.450,-0.03295742805592426,0.1045639121248079,9.878449401765797,-0.008339331800983707,0.009536579434323737,0.0025953705297289565
2024-01-01 12:00:02.460,-0.009886350984901093,0.2163800106851898,9.883560593067417,-0.002828351042407229,-0.006675131154241299,-0.001165321506478836
2024-01-01 12:00:02.470,-0.0051573426883918284,0.16071416850942405,9.878103709418996,-0.003332854254725909,-0.006583374253321471,-0.0038708434411720443
2024-01-01 12:00:02.480,-0.015858922931625653,0.06720062004167152,9.845851773487716,-0.004161311974132211,0.001850658400443083,0.0005006711502169829
2024-01-01 12:00:02.490,0.005698048801548751,0.1643672021373914,9.87185133285106,0.005711781758559948,-0.0029323342295378895,-0.001007165778326687
2024-01-01 12:00:02.500,-0.03963244678191271,0.06531962976277476,9.888884304102604,0.0006692774532436527,0.0005067092150121305,-0.0012427363089918496
2024-01-01 12:00:02.510,-0.05192876465856326,0.20213164728684943,9.855084189690382,-0.005429028922486817,-0.0074918933560695275,-0.001734082971581424
2024-01-01 12:00:02.520,-0.12886695766124046,0.18070791898193855,9.899259465078176,-0.008850486804581455,0.0012705097575603052,0.0008012275300082467
2024-01-01 12:00:02.530,0.034796543906345026,0.16795547769474825,9.867873666916518,0.013275158844911296,0.006817718417389783,0.00151500515569276
2024-01-01 12:00:02.540,0.08277731266895956,0.14995749424112254,9.85314147778665,-0.005567811938071618,0.009707769019726014,-0.0021690238591655794
2024-01-01 12:00:02.550,-0.07554998741831535,0.11245509619151323,9.848148312995475,0.011854829564922257,0.004323859433345647,-0.004131058173055984
2024-01-01 12:00:02.560,-0.08734717914747925,0.16759155659024125,9.83863710893042,0.006337249260729017,0.007293269499867273,0.002156144305946155
2024-01-01 12:00:02.570,-0.017696264383987775,0.2147903145593212,9.879269394576763,0.00423030375431886,0.0023008616115386166,-0.0015669602614070486
2024-01-01 12:00:02.580,-0.07605304552725355,0.16317691023575,9.850425663606662,0.004470658885818201,0.007065394578583537,-0.0004552420339620906
2024-01-01 12:00:02.590,-0.11173751727254701,0.1500042592639565,9.87758314883802,0.006232506989153083,0.010800266491569791,0.0027162352268799463
2024-01-01 12:00:02.600,-0.017851234414277647,0.17118605905877535,9.845706013930618,0.0009622809166213147,0.008557489030439507,0.0009915044347189518
2024-01-01 12:00:02.610,-0.08994279021695975,0.13862457445123913,9.870632818333636,0.011277313882160902,0.0018313543610772205,0.003227807556295969
2024-01-01 12:00:02.620,-0.12104796894873465,0.1301049374137684,9.834362451766095,0.009319336125671969,0.0054231595148476345,0.0006571575450628103
2024-01-01 12:00:02.630,-0.14926297489896956,0.08106465681189273,9.839644737007028,0.00894367985030901,0.013249547564374343,0.000635907134113404
2024-01-01 12:00:02.640,0.0339965775167429,0.16334902301406762,9.86834966261626,0.010639564970456665,0.007155546832462652,0.0006634249632350856
2024-01-01 12:00:02.650,-0.08916182980262821,0.16556287264600714,9.863356690671456,0.008706392765935654,0.006785596935199614,0.0002369186912812106
2024-01-01 12:00:02.660,-0.05366953537255664,0.1378571937889714,9.842152876348104,0.0012658827576837086,0.009932425477586958,0.0012523068005579087
2024-01-01 12:00:02.670,-0.1110645213662784,0.07209210728769028,9.830774188380513,0.01790274126073296,0.008747767510335501,0.00041535799626694393
2024-01-01 12:00:02.680,-0.08527342969890941,0.09516457992487899,9.870325123565625,0.00046203968756053284,0.011070544854996325,0.0017564959068784012
2024-01-01 12:00:02.690,-0.12141563132285285,0.16163789978152304,9.891075011145412,0.003908651666689871,0.01575177066502638,0.002663769283640733
2024-01-01 12:00:02.700,-0.06189953025545683,0.10328122255529576,9.819787235371539,0.005473978367378568,0.006275845056346554,-0.0028668087370974974
2024-01-01 12:00:02.710,-0.10348520380107784,0.10856406405580799,9.843118643701997,0.00044630179361119637,0.0036481084123762353,-0.0010913415290314346
2024-01-01 12:00:02.720,-0.22834428004169355,0.0807188636657355,9.836527202551833,0.009688081872396982,0.005045910949636617,0.0002811234145975903
2024-01-01 12:00:02.730,-0.09549966738514334,-0.11854163638101425,9.846628162725521,0.00848180886477989,0.010958705803411167,0.003251821696466415
2024-01-01 12:00:02.740,-0.054274111764682706,0.02196967097812256,9.851441308183361,0.005460495623222774,0.01004400827888332,0.0012836124839092518
2024-01-01 12:00:02.750,-0.058795159067316666,0.08896976938243159,9.863692985625667,0.001867659721152165,0.01121815766043746,-0.0031077858018491535
2024-01-01 12:00:02.760,-0.21166415903876157,-0.025732227748708515,9.821088125683135,0.003314073805024872,0.01279543788994051,-0.0015686940276339499
2024-01-01 12:00:02.770,-0.08409356080061067,0.09787631403226865,9.835819865014093,0.0011624495685358099,0.009396157508768438,0.004543814006806678
2024-01-01 12:00:02.780,-0.12326375035053472,0.059783596726897245,9.869563504950037,-0.005984790458391351,0.007918133413423433,-0.0005550429595269058
2024-01-01 12:00:02.790,-0.03838620725174271,-0.08069470060042727,9.819629284899639,-0.01245462605907181,0.004125792609355713,-0.0004458963875935132
2024-01-01 12:00:02.800,-0.03334694164662709,-0.01125834087903837,9.83653196093972,-0.00381314657631525,0.008901064605529276,0.0004930366448145829
2024-01-01 12:00:02.810,-0.098490919612094,0.1307358924726612,9.872334448848255,-0.010487079695248439,-0.0024154454933621055,0.003054807814158673
2024-01-01 12:00:02.820,-0.13929122977296865,-0.09679603741667508,9.824636891452657,-0.005355832027558889,-0.0009403005141567786,0.0017994836859678842
2024-01-01 12:00:02.830,-0.014493075794627885,0.024232632466772028,9.813604960698916,-0.010289631355921647,-0.00012034325230624629,6.833720199552106e-07
2024-01-01 12:00:02.840,-0.062273724602142255,-0.09425783241257464,9.867085786413217,-0.014510250789358043,0.001690236392393971,-0.0007558730988994277
2024-01-01 12:00:02.850,0.0289636963268131,-0.08575525489734231,9.829777986364984,-0.006305695589691451,0.00460046504271294,0.0037246667442083787
2024-01-01 12:00:02.860,-0.0833323784435137,0.030474615861623457,9.887461490830487,-0.007666519869967104,-0.0023848712814885068,0.000867508426195934
2024-01-01 12:00:02.870,-0.09487452244821315,0.027104787655194133,9.821919080817292,-0.007853361013028599,-0.007120391820910959,-0.0002328883055206026
2024-01-01 12:00:02.880,-0.04327012641370695,-0.047129509226400704,9.835968614495945,-7.267438362784998e-05,-0.01836085843066063,-6.180293841474152e-05
2024-01-01 12:00:02.890,-0.02726213711345874,0.016038221669626963,9.83737770117486,-0.014889359921673614,-0.009734199314881502,0.0007772422819061418
2024-01-01 12:00:02.900,-0.09023302447833309,-0.045324046707061916,9.818010661600283,-0.011654512471533936,-0.01790918875244101,-0.002445362033040752
2024-01-01 12:00:02.910,-0.0368237529952654,0.00045804756070084995,9.829274395785315,-0.009626927125251431,-0.006299746217767023,0.0022245632433450595
2024-01-01 12:00:02.920,-0.07161350402655897,-0.024497396842229763,9.861826417983051,-0.009751119205287507,-0.01870406385952829,-0.00039478071923334146
2024-01-01 12:00:02.930,0.03105419683290981,-0.17354149692466816,9.792510674385408,-0.009734718595057507,-0.011240137172927489,0.003197427058572653
2024-01-01 12:00:02.940,-0.05748582219010126,-0.1238010638006701,9.828876507505433,-0.004114704780408781,-0.0050906928769676564,-0.0016768485540074706
2024-01-01 12:00:02.950,0.028044289691614627,-0.18562081625848315,9.806845740226581,-0.009132016236690951,-0.006751272501605602,-0.00029517414150348774
2024-01-01 12:00:02.960,-0.06746917132685719,-0.07407236292250723,9.803460612103443,-0.0015270173514713016,-0.0076309455674705125,0.002128720472323426
2024-01-01 12:00:02.970,-0.049993846955469226,-0.03710074692487031,9.846690359967525,-0.007347641743527177,-0.012769127652206213,-0.00026743144183954476
2024-01-01 12:00:02.980,0.021471748209424393,-0.06137317094124997,9.8641089378724,0.004109018679423515,-0.00450229611482362,-0.0017161909570575428
2024-01-01 12:00:02.990,-0.04492122941616185,-0.1789157435628683,9.846787431184843,-0.005158500343328743,-0.009166752675414638,0.00014934068829974321
2024-01-01 12:00:03.000,-0.07140662981026354,-0.1315894186400025,9.787006770329803,-0.007358249606729221,-0.016852765759862737,-0.0009042749920994494
2024-01-01 12:00:03.010,-0.020059369724042618,-0.11444696125858901,9.800085208205871,0.000574208540691181,-0.006837228287593582,-0.0017342125398047035
2024-01-01 12:00:03.020,0.041576554909377096,-0.10598871457538205,9.832550651286482,0.004611657324810829,-0.0007546187233196319,-0.0009882244759853648
2024-01-01 12:00:03.030,0.037012317268422676,-0.28602225931798475,9.785817798183704,0.004958111736940008,-0.017896825406501927,0.003356201198555682
2024-01-01 12:00:03.040,-0.04277118169746848,-0.06738629203490219,9.79300312679862,-3.292838835804862e-05,-0.006234578098199972,-0.001293427412626411
2024-01-01 12:00:03.050,0.0026538253934257246,-0.09553714911961428,9.80840709873229,0.008840667692541595,-0.004966906097733605,0.0002271499111660277
2024-01-01 12:00:03.060,-0.0024723893533045854,-0.16573165719333235,9.791381097631614,0.0067149176015918344,-0.008934585967808094,-0.0019272920575306072
2024-01-01 12:00:03.070,-0.00022063052396707056,-0.12253673743587967,9.811705456761487,0.006244588901506952,-0.018309753654230314,0.001807475294083007
2024-01-01 12:00:03.080,0.020373741918865842,-0.26132986505000344,9.770053852197154,0.019401507966953488,-0.008175657216127168,0.003925659199642403
2024-01-01 12:00:03.090,0.11848331827688961,-0.11750241942676479,9.802420434759233,0.0035490937179081493,-0.004976894096958522,-0.001692345521481327
2024-01-01 12:00:03.100,-0.003597263239747836,-0.18028782660793533,9.773517999967819,0.0059975976991529945,-0.002960880853821145,0.00079569042287162
2024-01-01 12:00:03.110,0.12080638477872799,-0.17169857487112536,9.800536344304216,0.009441595830823418,-0.005770792383329967,-0.0011345044487151561
2024-01-01 12:00:03.120,0.1310922979496036,-0.14320503408295554,9.77566668046027,0.014827425487236291,0.0036837083681859374,-0.00012785136167011652
2024-01-01 12:00:03.130,0.1467771803627061,-0.10070223864068734,9.793858657083753,0.012003837758396781,-0.0027381758083509433,0.0026649029956080034
2024-01-01 12:00:03.140,0.08094677756337662,-0.08352452408741821,9.811723452244248,0.012021764362969973,-0.006444242694137292,-0.0008420276750782176
2024-01-01 12:00:03.150,0.09017131059508027,-0.11820436388590996,9.785142079860801,0.011331261135627541,-0.00830331363502864,0.003585445228960982
2024-01-01 12:00:03.160,0.0928123579042189,-0.1317380509312577,9.826431676132175,0.019482681295127056,-0.003718233112318546,-0.0036399149687779417
2024-01-01 12:00:03.170,0.09984882795179648,-0.09189826587503575,9.789020531836739,0.006847231207244052,0.0061153670473420825,-0.001688990080915374
2024-01-01 12:00:03.180,0.17564167610307097,-0.11362287118847153,9.793564505176102,0.0020607187645289553,-0.0011531297703748797,0.0031918732186636332
2024-01-01 12:00:03.190,0.12810750087465544,-0.22802545799777332,9.784823640924813,0.004266639018495237,-0.0011497800003411902,-0.0003853320018470181
2024-01-01 12:00:03.200,0.12116303486629754,-0.16138974428882655,9.739836448049026,-0.0024011083270319604,-0.0006765107297674131,-0.0010904788681708585
2024-01-01 12:00:03.210,0.052391899625402714,-0.23572645296844788,9.7775742267931,0.0071108680206089445,0.004950645166869586,0.0021632434267993095
2024-01-01 12:00:03.220,0.08199940794859004,-0.1775148008504228,9.782524569759508,0.014119609116323656,0.003322401273731905,0.005130756645380939
2024-01-01 12:00:03.230,0.05968578986810957,-0.1588496070962525,9.763658550731524,-0.004057795664403879,0.0009454889738084553,-0.0012003850824367582
2024-01-01 12:00:03.240,0.12321778279880229,-0.150529988775081,9.779867793214827,-0.0019655446487732457,0.0017861251363587589,0.0006821668320965518
2024-01-01 12:00:03.250,0.10761875228989418,-0.09835154399949758,9.757821158380635,-0.002154098064787704,0.010405657723159555,0.003438063217611148
2024-01-01 12:00:03.260,0.10276614806452607,-0.035214099975392626,9.743121233899464,0.0034179923458880325,0.009959983232972472,0.0010096706322715397
2024-01-01 12:00:03.270,-0.01668562824461635,-0.15181117327317933,9.793441763753014,-0.0010909707553567376,0.006018777031987756,0.0010561973473685487
2024-01-01 12:00:03.280,0.05555792606275118,-0.07369266694227662,9.80409341266003,-0.004496413454372243,0.017703786655042825,-0.0014791193513829012
2024-01-01 12:00:03.290,0.1259155293073479,-0.06995225022120533,9.78328186041218,-0.0027061823470984833,0.010976579789412721,-0.0011910874019529167
2024-01-01 12:00:03.300,0.10603424467832875,-0.14554320613129612,9.739724092003694,-0.0043605370898277766,0.01596370135850802,0.0047335515355074196
2024-01-01 12:00:03.310,0.12864576714794504,-0.08667360135019707,9.767801871004632,-0.00809814978920688,-0.0002761782415026011,-0.0015989871246490572
2024-01-01 12:00:03.320,0.048544972775637824,-0.0514949084566888,9.756602765297403,-0.0027709542999442473,0.00709098648914576,0.00025433802818697164
2024-01-01 12:00:03.330,0.15068198554498285,-0.03013606452178627,9.771770618491441,-0.006815226256976148,0.007729140595816218,0.001601354241262546
2024-01-01 12:00:03.340,0.05289412795805491,-0.04750495728530809,9.800730000002615,-0.008165410714778283,0.006162948358136879,0.0016333147469647618
2024-01-01 12:00:03.350,-0.00042643627499999726,-0.08134040587172053,9.753145004949989,0.0017378723084707868,0.011373081868622131,-0.00379229939430596
2024-01-01 12:00:03.360,0.03124145721761997,-0.07431276399888305,9.80142124825211,-0.004681784183820536,0.012692685033603567,0.00024940850340184507
2024-01-01 12:00:03.370,0.01728925407633236,-0.14254819026003823,9.728267910421822,-0.01558435740526671,0.014778321034701728,0.0017214370566637893
2024-01-01 12:00:03.380,0.0003620085292822678,-0.0528245462920142,9.7890862713701,-0.011336156759582989,0.011177725859479383,-0.0018933206830184478
2024-01-01 12:00:03.390,0.020389978994182656,-0.06441630207834201,9.751513091685153,-0.010752768320682601,0.00048741511110062495,0.002110838196779335
2024-01-01 12:00:03.400,-0.011602295256881806,0.021634538780988786,9.772919195432152,-0.013369365116751613,0.01844327798157335,-0.0036011513212912704
2024-01-01 12:00:03.410,0.10686921861098403,-0.039111864397917855,9.760765605291708,-0.004891566103865374,0.008052265922605658,0.0002591421105895522
2024-01-01 12:00:03.420,0.11245269623822231,0.04576218106455017,9.758300713626161,-0.0035936494127850388,0.014819929917088576,0.0016363928786229205
2024-01-01 12:00:03.430,0.0663448959533945,-0.04592653905320502,9.767530073912287,0.0017033170979362305,0.009412241243302555,0.0022214721184251798
2024-01-01 12:00:03.440,0.01832765217404708,0.015547250561885833,9.756079977444557,-0.010415495325628755,0.012613138352005584,0.003750643628385994
2024-01-01 12:00:03.450,0.056025035796514425,-0.02676826338527971,9.76051836500714,-0.0028337474761149866,0.007813231967749216,-0.001478001835859768
2024-01-01 12:00:03.460,-0.02134800613161424,0.012115481433638348,9.7239905111647,0.00032392533254858684,0.013398580756837057,0.00013049574171546834
2024-01-01 12:00:03.470,0.024993499538006954,0.053049021382444536,9.746557482610505,0.001976122487812748,-0.00014310894409631097,0.0005461537644460803
2024-01-01 12:00:03.480,0.06871373547106896,0.027507472797674713,9.787632558347578,-0.007582574145673636,0.004002449529866057,0.003899914698511909
2024-01-01 12:00:03.490,0.004737153627387516,0.04927303506226844,9.761646032504272,-0.006197024430705082,0.005697077568533415,-0.0023775629653502743
2024-01-01 12:00:03.500,0.008340102932515414,-0.0301420157986483,9.737513619604767,-0.0030571034582696248,-0.002213553345471583,-0.00012093276500060355
2024-01-01 12:00:03.510,0.05570357320201516,0.03641556673944574,9.75862786270324,-0.007593845629046308,-0.01283820682278361,-0.00020793239708555785
2024-01-01 12:00:03.520,0.06821673202280636,0.0577059273547308,9.76259203808195,0.00597364058118445,-0.00640784068670434,0.0005933734364160945
2024-01-01 12:00:03.530,-0.0356951900480474,0.11176181892641666,9.791847658810282,0.0030799526302333477,0.003979993222209894,-0.001283702675478925
2024-01-01 12:00:03.540,0.032051818307338165,-0.01954523322594294,9.760345522367212,0.007744422984359116,-0.007650611568304431,0.0014504089994209109
2024-01-01 12:00:03.550,-0.08719324455001679,0.037915519835946876,9.768758973284315,-0.0036654551596863776,-0.0064107211529631294,-0.0019098109865287012
2024-01-01 12:00:03.560,-0.05144859469059094,0.02216860716004998,9.747669278192372,-0.0039974661621940185,-0.00969130788745528,-0.0011642591795613271
2024-01-01 12:00:03.570,-0.1510843297282208,0.11315887006123188,9.76300704223231,0.0012947952822012932,-0.004918460578966052,0.0015073815007956035
2024-01-01 12:00:03.580,-0.005684003035466172,0.05643059641599,9.748939071357855,0.0002797564329042688,-0.008844866472938646,0.0002608492473629367
2024-01-01 12:00:03.590,-0.04506789837698656,0.13906811827372823,9.734843705673997,0.0068921221329770015,-0.011022697081327741,-0.0018092929667565373
2024-01-01 12:00:03.600,-0.09347067727575314,0.06662948750714298,9.768826226278586,0.008868572603167745,-0.0005909097464829819,-0.0018289547495179516
2024-01-01 12:00:03.610,-0.1773007503616809,0.17487425986695815,9.786392690330846,0.019141782324503795,-0.008592690501083253,-0.0011412499310969628
2024-01-01 12:00:03.620,-0.028095019874835224,0.025108411485276982,9.740433656639546,0.0038819823135407237,-0.006055057467473519,0.0010851384837554771
2024-01-01 12:00:03.630,-0.038706658110322555,-0.0007673111669789373,9.772914436557937,0.011485045047638717,-0.012235842583284678,0.000943231555003625
2024-01-01 12:00:03.640,-0.07576898886828547,0.10180078564383963,9.753164746003206,0.012867488069000002,-0.006276987659595043,1.1435243867973795e-05
2024-01-01 12:00:03.650,-0.07450132046342936,0.1365529766944499,9.759811142789268,0.012330245604996987,-0.01174631976746376,0.0007520152040960629
2024-01-01 12:00:03.660,-0.13397277509772737,0.08634845584873471,9.759292444952823,0.01689457653199971,-0.010871245545646531,0.00023654056263222194
2024-01-01 12:00:03.670,-0.07593629576577006,0.15434710241070604,9.788946858542484,0.0096976138380426,-0.0107475649632455,-0.0012727567589992537
2024-01-01 12:00:03.680,-0.10516391845532752,0.10525381977932699,9.756063544341629,0.007623231146997531,-0.011169049034978519,-0.0007218115537369816
2024-01-01 12:00:03.690,-0.08831898451886477,0.19738233698348046,9.790383739441658,0.007151128624465599,-0.002485391015606066,-0.00022492893142314795
2024-01-01 12:00:03.700,-0.01513887335746908,0.19017879966792384,9.755160219049612,-0.000661286880524423,-0.011007919813789417,-5.58535419771869e-05
2024-01-01 12:00:03.710,-0.05073368844147273,0.05068632015720874,9.744543807121543,0.009800433049321518,0.00349736205223964,-0.0012924620589119043
2024-01-01 12:00:03.720,-0.12230884334213338,0.18425005527673952,9.759939036447392,0.00027323803462178447,-0.008596601221470407,0.0016152086434682497
2024-01-01 12:00:03.730,-0.0371137146742527,0.12746137136851746,9.769923754244106,0.00669582760803444,-0.007850050041195673,-0.002386587879973936
2024-01-01 12:00:03.740,-0.1901296190804461,0.09071165758441205,9.767816618601902,0.0017043057726175148,-0.007840375231295453,-0.0020844814112375475
2024-01-01 12:00:03.750,-0.15941739097984725,0.15565110291455525,9.803051078127451,-0.0032525041533061324,-0.01162350614688114,-0.00017135925350243562
2024-01-01 12:00:03.760,-0.12443570123171295,0.09670774081498754,9.773985356227431,0.0009353079608538371,-0.013427311870589844,0.0020358855313740267
2024-01-01 12:00:03.770,-0.03961259380394373,0.08186424101996496,9.781532736312446,0.0026479384360580185,-0.00015476438029303052,-8.880417536134255e-06
2024-01-01 12:00:03.780,-0.06634238834168715,0.09785542745474884,9.769568575734016,-0.006605883329116678,-0.00406458901353803,0.0015701682051089088
2024-01-01 12:00:03.790,-0.09880432179858341,0.1958812766834327,9.770671461062864,-0.012283384019484696,-0.00016223540795747221,0.0007070951452440852
2024-01-01 12:00:03.800,-0.09242094340496546,0.15435191371040663,9.77541349368095,-0.011937324491259447,-0.0068909848200059895,0.004182453041613009
2024-01-01 12:00:03.810,-0.0371145883377646,0.05204184007402074,9.781254238622353,-0.006950028570187574,0.004090430499259895,-0.001597503888412851
2024-01-01 12:00:03.820,-0.17200292928904112,0.11349263135657207,9.785315532995044,-0.0072020845493799375,0.0010166520886384892,0.0004533217839819164
2024-01-01 12:00:03.830,0.01978361976785624,0.10121114887162895,9.796623539447118,-0.0039567898863806985,0.000713757509600003,0.001991330825158369
2024-01-01 12:00:03.840,-0.08833269069483327,0.19127325053177166,9.756698670952945,-0.002731606922109657,0.005060985475786638,-0.0002118049188999342
2024-01-01 12:00:03.850,-0.20934884869439316,0.13686352579219238,9.796720649322923,-0.015480461827430883,-0.0007591720943509049,-2.4744975993182857e-05
2024-01-01 12:00:03.860,-0.13469027619366022,0.17214768332274819,9.832301472917264,-0.012486309120419868,0.015342351472975718,-0.0035857865488244005
2024-01-01 12:00:03.870,-0.1086586787329458,0.14605535265729025,9.788053489495304,-0.010110548959476186,0.008050177287868599,0.0007935819180508539
2024-01-01 12:00:03.880,-0.07259646560493146,0.13062184839395813,9.81250045415423,-0.0059277602731797946,0.0070374137553494065,0.00019365277039054028
2024-01-01 12:00:03.890,0.008973407227093111,0.2201999369016935,9.785377176000337,-0.016010453851840356,0.007754194217180456,-0.002680162582558669
2024-01-01 12:00:03.900,-0.033901842863909376,0.14345071086134847,9.798472704299442,-0.006404683205839898,0.00625234040107463,0.0020426655773477715
2024-01-01 12:00:03.910,-0.08508253327025156,0.11995963899829246,9.767134334305899,-0.009416658074468984,0.002491634750491624,0.00021783779192531175
2024-01-01 12:00:03.920,0.00460838451290034,0.12101580656091918,9.781507075340828,-0.011096604493602032,-0.0029169868198723747,-0.0009496923431819038
2024-01-01 12:00:03.930,-0.11732030290627,-0.012746619018467159,9.800969810872287,-0.015243979105671398,-0.0005116837505432167,-0.0007879266570479497
2024-01-01 12:00:03.940,-0.05078759640755766,0.06229030669552041,9.81312739242873,-0.007206687377832811,0.009839070238676504,-0.0007803246297123815
2024-01-01 12:00:03.950,-0.026688621050942565,0.062319361518668764,9.784664373296273,-0.007286497373653368,0.011515846916745186,-0.002325678269618232
2024-01-01 12:00:03.960,0.02336253867629015,0.1335072469063634,9.76956626568714,-0.004161615878514933,0.009002204423331047,-0.001520470351335328
2024-01-01 12:00:03.970,0.003055718578451362,0.11783610073138366,9.806836995114873,-0.0026854903954582226,0.004756017028373963,0.00021895112119319876
2024-01-01 12:00:03.980,-0.028900695021270323,0.06686998469135946,9.794994852741677,-0.0004008730997874313,0.009694281165576331,0.0021724164849836057
2024-01-01 12:00:03.990,-0.032595666757961814,0.0933733101163142,9.833041004169901,0.0040527046560939264,0.010246139218901525,0.0003436829891439574
2024-01-01 12:00:04.000,0.025471982467546034,-0.04164360946950143,9.783857216719095,0.011082458371534081,0.010337878356218152,-0.0022991570349849217
2024-01-01 12:00:04.010,-0.0020391629815563325,0.054858891376513785,9.797817469793847,-0.003585906324519934,0.003467766146842642,0.0010660165004039075
2024-01-01 12:00:04.020,-0.00014232284750774656,0.06208810669330479,9.842635771605634,0.0015636089307613716,0.005367700434781364,0.00013451387840101756
2024-01-01 12:00:04.030,0.04060091906846634,0.08570004955302726,9.81320535370075,0.004360735256383566,0.007504378545734552,-0.0004503947139929969
2024-01-01 12:00:04.040,-0.08491857955225332,0.08715235591884786,9.791402264096174,-0.004007826271333705,0.0092387079632326,-0.001964714454202633
2024-01-01 12:00:04.050,0.010939851305623291,0.06940498342005179,9.807539266934095,0.00769229716421093,0.00820643586295004,0.00015872175221151716
2024-01-01 12:00:04.060,0.028030685878341476,0.01886927099377761,9.798524710054643,0.010052411165190275,0.014262884555302838,0.002764066901126015
2024-01-01 12:00:04.070,0.00038585531660732114,-0.031780676687125545,9.811926007921027,0.013109221489169723,0.004842767166632152,-0.0065865553993458715
2024-01-01 12:00:04.080,0.12340334532296039,-0.07486279521777849,9.815960022505875,0.012718615448469753,0.011542689797683709,-0.001889121014173181
2024-01-01 12:00:04.090,-0.036503905938415786,-0.06871361866023709,9.877036041709966,0.016332401177210777,0.006167949482572836,-0.003603130038249122
2024-01-01 12:00:04.100,0.12071398191618612,-0.10726376450029874,9.835966373285485,0.019629702960838956,-0.002659153133929214,0.0017104611965343991
2024-01-01 12:00:04.110,0.0006682775827369092,-0.01913626443449272,9.859348251560172,0.018453499360859153,0.0039227731195655945,-0.004327157216791218
2024-01-01 12:00:04.120,0.07124187459152842,-0.005844574712736486,9.827252329812794,0.015725489403210193,0.005127866199889917,-0.0010651013174027197
2024-01-01 12:00:04.130,0.030916572734482436,-0.06430796362973591,9.849752145676348,0.007559897804859635,-0.005882391383055088,0.0008455752889010203
2024-01-01 12:00:04.140,0.10160163638912531,-0.056232424022658205,9.851969918339957,0.003835195673542743,-0.0018599847131645134,-0.0002101669241836358
2024-01-01 12:00:04.150,0.147162500949879,-0.06800429591293283,9.823289142156144,0.010363407889711341,0.004362668235329016,-0.0016698440994922443
2024-01-01 12:00:04.160,0.06154379855905672,-0.10964997736178048,9.83466749676355,0.016103667607722826,-0.004493227519604304,0.0033568808778682473
2024-01-01 12:00:04.170,0.020002083345645988,-0.0724548706163479,9.807476587600876,-0.0019011608979849059,6.240688781941855e-05,-0.0005723876525018457
2024-01-01 12:00:04.180,0.2007659265816307,-0.09444570444322672,9.849967090867946,0.011040622568804045,-0.0014572108810346532,-4.7311566236735324e-05
2024-01-01 12:00:04.190,-0.0029499951670520497,-0.0465327937989616,9.808978619866753,0.012776139985784665,0.0017389682476915357,0.001501114660421194
2024-01-01 12:00:04.200,0.12534952882883163,-0.1293475510713213,9.875417436562694,0.008230503901208901,-0.0048893788146977864,0.0026663348307525044
2024-01-01 12:00:04.210,0.18681311623995012,-0.08276662877973698,9.851811593404554,0.0017891916655707195,-0.0026291795204315183,0.003378714554105632
2024-01-01 12:00:04.220,0.07131156558906582,-0.02487940815864391,9.833735284583167,0.0007906916384773019,-0.009641949034231304,-0.0008424567654881563
2024-01-01 12:00:04.230,0.10422655779696499,-0.1449481887628073,9.864019093378474,0.002281020872341031,-0.0059600094524511135,-0.000533831233585709
2024-01-01 12:00:04.240,0.18776617132640833,-0.043405678281094706,9.832394865428542,0.0001729279165198559,0.0006337413311944123,0.0011352495720973424
2024-01-01 12:00:04.250,0.04162151994689775,-0.14045376721001726,9.836014432916926,0.007227030398797157,-0.00881080924652277,-0.0009443972679029026
2024-01-01 12:00:04.260,0.09001450577083894,-0.1463561990969502,9.851782655598218,8.03279747543103e-05,-0.006286690188678421,-0.001791408599531785
2024-01-01 12:00:04.270,0.13475986992125735,-0.13013602017482345,9.832553912636861,0.0005025537558544144,-0.016080930709068565,0.0006209179218847129
2024-01-01 12:00:04.280,0.12830819400288024,-0.17380667468870295,9.871499573070238,-0.0037142431243466583,-0.004912624352831987,-0.0016300607894564063
2024-01-01 12:00:04.290,0.13050828833367148,-0.16296695508071032,9.852510366089124,-0.0050543397704954866,-0.0047064951589439715,0.0009066149405764381
2024-01-01 12:00:04.300,0.12147940904706891,-0.04830805406751899,9.860189188172924,-0.009529642744219224,-0.020175983898148356,0.00040528048598099275
2024-01-01 12:00:04.310,0.09010889136924125,-0.09630239439199373,9.839703145612624,-0.0076955634807030675,-0.010304022059649176,-0.0003880817867443376
2024-01-01 12:00:04.320,0.18388851655485722,-0.14511631223404092,9.860038124101562,-0.0070648510499336506,-0.015577965923234209,-0.0017691338370489807
2024-01-01 12:00:04.330,0.13157767516567867,-0.17813931524754814,9.879753607685213,-0.01731905239279863,-0.0021132920404688983,0.00041234055065417777
2024-01-01 12:00:04.340,0.07360565030526425,-0.14654616156439804,9.836533768670165,-0.014620014583458069,-0.006266191996824431,-0.00044777974906919386
2024-01-01 12:00:04.350,0.09351766827899784,-0.1899481054958026,9.826236249578887,-0.020795619113815986,-0.007433664870717853,-2.4191949759877155e-05
2024-01-01 12:00:04.360,0.12700944958654065,-0.14568382572451583,9.892232979114073,-0.013548210149744694,-0.009793845679318632,7.976431026769414e-05
2024-01-01 12:00:04.370,0.16948236946604064,-0.19424545854782066,9.86170976852508,-0.01798566280220363,-0.01929823156721802,0.0013523171443530157
2024-01-01 12:00:04.380,0.06975262137213205,-0.11325691814907807,9.872169429153224,-0.02069020872298983,-0.007401821222215591,-0.0037589329166269735
2024-01-01 12:00:04.390,0.02780539063609761,-0.1795448454006103,9.836487817942643,-0.008663697505369659,-0.019156295204675843,0.0012661377554422798
2024-01-01 12:00:04.400,0.03716084962658804,-0.16612939110941666,9.859034383086868,-0.009424897491780826,-0.009700475533663341,0.0007925478292992453
2024-01-01 12:00:04.410,0.06655898897703069,-0.07643359584300083,9.833119500491637,-0.008727984314007588,-0.003240772226196402,0.00449903948183723
2024-01-01 12:00:04.420,0.058520899741410115,-0.1771456233022267,9.88697224269899,-0.005346488968081162,-0.005660910744743796,-6.180361312712968e-05
2024-01-01 12:00:04.430,0.03636177342763433,-0.0949648451210661,9.846804262160507,-0.0063884232687271125,0.004072996395149974,-0.0033847560502132845
2024-01-01 12:00:04.440,0.07234074067540278,-0.09932168594001486,9.856271532870455,-0.013262828079758425,-0.013493059073713218,0.0013467099761311089
2024-01-01 12:00:04.450,0.1178170271294475,-0.13326911927590224,9.846354953204111,-0.00581206828541444,0.0018917122055612636,0.0023802441548462705
2024-01-01 12:00:04.460,0.017399687814178305,-0.07517527754030659,9.87833918060033,-0.004282827802200709,0.0012040287368308075,0.0027930125779667596
2024-01-01 12:00:04.470,0.06073618773154839,-0.1179570977250786,9.866522555642332,0.000724667649857479,-0.006259141197304658,0.00151407632349804
2024-01-01 12:00:04.480,-0.04475838552319322,-0.11755575501718264,9.886343430628335,0.004076839156681198,-0.002385601077075919,-0.00036938055938973494
2024-01-01 12:00:04.490,-0.046621664005594414,-0.07336349386921871,9.841215483151714,-0.00525999645014818,0.004917006004783396,0.00023077898944078338
2024-01-01 12:00:04.500,0.016820265954509465,-0.11357798388817598,9.858502012296299,-0.00024870056173021126,-0.005964123562180709,0.00032026913578292124
2024-01-01 12:00:04.510,0.059811450000975645,-0.18438905049690454,9.90441102751336,-0.006006471082381117,0.004732860490360286,-0.003387294855564862
2024-01-01 12:00:04.520,0.028995502701627048,-0.09018317855261804,9.80025216422409,0.005123650820023416,0.000538977141829076,-0.0014996575379465893
2024-01-01 12:00:04.530,-0.03774180331047443,-0.04570766984787734,9.856625881197667,0.010282861966839075,0.009097390784884005,-0.0034202893976486757
2024-01-01 12:00:04.540,-0.07037551122497823,-0.040480596218557846,9.832468767210806,0.0030943709849939787,0.005550332226929451,-0.0012919225681057832
2024-01-01 12:00:04.550,-0.10679759866235386,-0.18196594427500484,9.853542282402504,0.007622503662510776,0.0066455297547187465,0.0019109735504516984
2024-01-01 12:00:04.560,-0.10115376051756335,-0.06633651528969625,9.884855910313085,0.0032016464014980625,0.0001310014751643926,-0.0006127234291139141
2024-01-01 12:00:04.570,-0.06153954936374925,-0.08382934074116524,9.846819014668506,-0.0010836294158736264,0.0012302934315144825,0.0036812638258557117
2024-01-01 12:00:04.580,0.00852739887900314,-0.008547686189917858,9.876929133391442,0.009252166895005362,0.009518111323213027,0.001831109288407398
2024-01-01 12:00:04.590,-0.06684856050523928,-0.10172087467685967,9.871116240675658,0.012375926663523228,0.009052576179797697,0.00014352435520616173
2024-01-01 12:00:04.600,0.009561021195564262,-0.017357190411791824,9.857691033213616,0.01419098883042898,0.0036089307571509433,-0.0016034208161386098
2024-01-01 12:00:04.610,-0.018157541056803256,-0.05387005796330166,9.854898735143689,0.011056644941868483,0.020298397677324928,0.00365033629809283
2024-01-01 12:00:04.620,-0.10062117182247204,-0.054960038467385404,9.864789514107242,0.006769408779482025,0.01365356372325165,-0.00026527203515175335
2024-01-01 12:00:04.630,-0.14911089292410384,0.028371851552688634,9.855455808373764,0.018629970160649177,0.012229930718212951,-0.002858623416372856
2024-01-01 12:00:04.640,-0.0962650529838708,-0.10431316774199717,9.874774884686637,0.008600878418306809,0.008171203449279275,-0.0003559946956873346
2024-01-01 12:00:04.650,-0.13266542436667292,0.0541452798543296,9.852743374818536,0.009616957768872773,0.014756612694531598,-0.0023978221209196133
2024-01-01 12:00:04.660,-0.06898251565187007,0.020781241848527598,9.865279019217091,0.011888477885933026,0.01542522042895024,0.00459096060483218
2024-01-01 12:00:04.670,-0.12195467730107099,-0.06342850312702784,9.838808712492884,0.01776486893490041,0.008971489860336523,-0.0008135389431228786
2024-01-01 12:00:04.680,-0.07468700128872618,0.0007840093626335183,9.860142792635973,0.018840864463834345,0.009603428561377404,0.004348659420157538
2024-01-01 12:00:04.690,-0.03352568835995101,-0.010210776676102007,9.83372469107576,0.003265355102018014,0.006769359949106487,-0.0008185866260728771
2024-01-01 12:00:04.700,-0.14968024025766796,0.04572384857713793,9.855218029040199,0.003979474497648027,0.0076764586724168025,0.003735781719817232
2024-01-01 12:00:04.710,-0.11719365865779377,-0.003126002781663372,9.881439687515453,-0.005955365613998319,0.013397259854900067,0.0010501968124520806
2024-01-01 12:00:04.720,-0.09914362908961627,0.09145925933449571,9.856230772033943,0.015474978357789337,0.006815151404312801,0.0017848123462649444
2024-01-01 12:00:04.730,-0.09061968374499435,0.011432619648324548,9.846855507791595,0.00021785178619928127,0.0016504623084622975,-0.0022999502512103948
2024-01-01 12:00:04.740,-0.17229008547563768,-0.04443437071811298,9.812176927091585,-0.0027286899117165905,0.011776057438197178,0.0009657832326371624
2024-01-01 12:00:04.750,-0.04558763933310322,0.15829477023570937,9.833908365357253,0.0032987536424467258,0.004870650566977707,-0.0019187646902753713
2024-01-01 12:00:04.760,-0.07757564391174199,0.0780790073447276,9.852051130803014,-0.003452487584464046,0.0025934754824335905,-0.0004415596088644873
2024-01-01 12:00:04.770,-0.09733639079223314,-0.029688104337793703,9.843251578448744,-0.0030867480579147544,0.005804033168223904,-0.0007114879083895642
2024-01-01 12:00:04.780,-0.08870586378751771,0.11052922903208544,9.8050546151837,-0.00487765054083095,0.0011649885930966573,0.00041636211982478414
2024-01-01 12:00:04.790,-0.13602738090320365,0.05810062365141759,9.822231505443646,-0.009394287532719904,0.007413214459947227,-0.001637570939690889
2024-01-01 12:00:04.800,-0.13367527278651345,0.02376773226487218,9.817574814327887,0.0011973865478595918,0.0013656827422254588,0.0008230476715003928
2024-01-01 12:00:04.810,0.0029654992122745555,0.06810920178513165,9.830819594215082,-0.012014638645869404,-0.0026744209629105714,0.0014277792981404343
2024-01-01 12:00:04.820,-0.08682821139098107,0.06875153513942164,9.848662936115518,-0.0034736281451462755,-0.005384600808386032,-0.003909349524517287
2024-01-01 12:00:04.830,-0.08073294036939782,0.12490607458003243,9.84623533821397,-0.010369196790199896,0.006132464171278391,-0.0042244827481311325
2024-01-01 12:00:04.840,-0.17004705563552114,0.12872736613936814,9.825025829393061,-0.01519688408225204,0.004349968445385897,-0.004415628020820517
2024-01-01 12:00:04.850,0.01144669106380053,0.14555173767481988,9.865260268337614,-0.005680586022627904,-0.001708370095988329,-0.00011434504066866596
2024-01-01 12:00:04.860,-0.19765290700098026,0.13967305167765257,9.841375405508318,-0.015506106952639726,-0.005208651927212678,-5.749473186257607e-05
2024-01-01 12:00:04.870,0.004797462396315413,0.08425578839401558,9.804947976844492,-0.017295918814012965,0.004193046036862425,0.00018029187754766573
2024-01-01 12:00:04.880,-0.06903862078310914,0.05075365320133078,9.830831253200676,-0.010937433623220576,0.0071119910840639206,-0.000491593728084311
2024-01-01 12:00:04.890,-0.11677647381978049,0.10866890143626888,9.845009633265214,-0.004143569351411662,-0.016509470547442187,-0.0017866615235785017
2024-01-01 12:00:04.900,-0.0684281322699993,0.06701151642765478,9.789920876740943,-0.016326518898648182,-0.0030759236312258476,-0.0007913143632810969
2024-01-01 12:00:04.910,-0.16003736876896693,0.11083318103077008,9.825868689664906,-0.0175797818081364,0.0010557955123332964,-0.00043086851582459186
2024-01-01 12:00:04.920,-0.010840225090770393,0.05644730162202162,9.789385751672354,-0.007709828248287026,-0.0005307013752978672,0.004795247967620698
2024-01-01 12:00:04.930,-0.12056996794396473,0.04936540294221503,9.831128817910145,-0.0028717721290305543,-0.006515858643036757,-0.0002767112436644477
2024-01-01 12:00:04.940,0.02001818713890919,0.18341525040893983,9.791150138331565,-0.007395249654609642,0.0013229661240295055,0.0012179813411593845
2024-01-01 12:00:04.950,0.05870385705833333,0.205609647927178,9.848780070678107,-0.005521678488935823,-0.01500850832083748,-0.003082219862054868
2024-01-01 12:00:04.960,-0.004386009269282409,0.18759542724774375,9.806514272021937,-0.007698423047554482,-0.004809411077799673,0.0004638234103750814
2024-01-01 12:00:04.970,-0.0351790581732621,0.07646390752765668,9.844149250084588,-0.01166800078192498,-0.007813353276940306,0.0023266413576264896
2024-01-01 12:00:04.980,0.046323472369732346,0.135672744665228,9.800521458086116,-0.003716412166824456,-0.009468874601186426,-0.003068300318448436
2024-01-01 12:00:04.990,-0.02109019046471418,0.18394875243981573,9.818714089343827,-0.009451553035065856,-0.003511471529714645,-0.0006081931025247148
